id;year;value
1;2007;61.595000
2;2008;62,92
3;2009;64.247500
4;2010;87.795000
5;2011;74.650000
6;2012;82.763333
7;2013;46.506667
8;2014;72.618000
9;2015;67.330000
10;2016;81.540000
11;2017;88.485000
12;2018;79.441818
13;2019;80.024167
14;2020;90.334286
15;2021;91.353462
16;2022;90.990800
17;2023;86.162903
